{
"type": "FeatureCollection",
"features": [
{ "type": "Feature", "properties": { "obj_type": "11-Residential Buildings", "name": "Unknown", "info": "997-Not Applicable", "damage_gra": "Possibly damaged", "det_method": "Photo-interpretation", "notation": "Building point", "or_src_id": 1, "dmg_src_id": 2, "cd_value": "Not Applicable" }, "geometry": { "type": "Point", "coordinates": [ 179.325960, -16.434693 ] } }
,
{ "type": "Feature", "properties": { "obj_type": "11-Residential Buildings", "name": "Unknown", "info": "997-Not Applicable", "damage_gra": "Possibly damaged", "det_method": "Photo-interpretation", "notation": "Building point", "or_src_id": 1, "dmg_src_id": 2, "cd_value": "Not Applicable" }, "geometry": { "type": "Point", "coordinates": [ 179.357012, -16.431541 ] } }
,
{ "type": "Feature", "properties": { "obj_type": "11-Residential Buildings", "name": "Unknown", "info": "997-Not Applicable", "damage_gra": "Possibly damaged", "det_method": "Photo-interpretation", "notation": "Building point", "or_src_id": 1, "dmg_src_id": 2, "cd_value": "Not Applicable" }, "geometry": { "type": "Point", "coordinates": [ 179.392270, -16.435628 ] } }
,
{ "type": "Feature", "properties": { "obj_type": "11-Residential Buildings", "name": "Unknown", "info": "997-Not Applicable", "damage_gra": "Possibly damaged", "det_method": "Photo-interpretation", "notation": "Building point", "or_src_id": 1, "dmg_src_id": 2, "cd_value": "Not Applicable" }, "geometry": { "type": "Point", "coordinates": [ 179.385368, -16.436846 ] } }
,
{ "type": "Feature", "properties": { "obj_type": "11-Residential Buildings", "name": "Unknown", "info": "997-Not Applicable", "damage_gra": "Possibly damaged", "det_method": "Photo-interpretation", "notation": "Building point", "or_src_id": 1, "dmg_src_id": 2, "cd_value": "Not Applicable" }, "geometry": { "type": "Point", "coordinates": [ 179.339301, -16.439714 ] } }
,
{ "type": "Feature", "properties": { "obj_type": "11-Residential Buildings", "name": "Unknown", "info": "997-Not Applicable", "damage_gra": "Possibly damaged", "det_method": "Photo-interpretation", "notation": "Building point", "or_src_id": 1, "dmg_src_id": 2, "cd_value": "Not Applicable" }, "geometry": { "type": "Point", "coordinates": [ 179.350916, -16.437616 ] } }
,
{ "type": "Feature", "properties": { "obj_type": "11-Residential Buildings", "name": "Unknown", "info": "997-Not Applicable", "damage_gra": "Possibly damaged", "det_method": "Photo-interpretation", "notation": "Building point", "or_src_id": 1, "dmg_src_id": 2, "cd_value": "Not Applicable" }, "geometry": { "type": "Point", "coordinates": [ 179.351225, -16.438204 ] } }
,
{ "type": "Feature", "properties": { "obj_type": "11-Residential Buildings", "name": "Unknown", "info": "997-Not Applicable", "damage_gra": "Possibly damaged", "det_method": "Photo-interpretation", "notation": "Building point", "or_src_id": 1, "dmg_src_id": 2, "cd_value": "Not Applicable" }, "geometry": { "type": "Point", "coordinates": [ 179.351657, -16.437675 ] } }
,
{ "type": "Feature", "properties": { "obj_type": "11-Residential Buildings", "name": "Unknown", "info": "997-Not Applicable", "damage_gra": "Possibly damaged", "det_method": "Photo-interpretation", "notation": "Building point", "or_src_id": 1, "dmg_src_id": 2, "cd_value": "Not Applicable" }, "geometry": { "type": "Point", "coordinates": [ 179.351781, -16.437458 ] } }
,
{ "type": "Feature", "properties": { "obj_type": "11-Residential Buildings", "name": "Unknown", "info": "997-Not Applicable", "damage_gra": "Possibly damaged", "det_method": "Photo-interpretation", "notation": "Building point", "or_src_id": 1, "dmg_src_id": 2, "cd_value": "Not Applicable" }, "geometry": { "type": "Point", "coordinates": [ 179.352296, -16.438118 ] } }
,
{ "type": "Feature", "properties": { "obj_type": "11-Residential Buildings", "name": "Unknown", "info": "997-Not Applicable", "damage_gra": "Possibly damaged", "det_method": "Photo-interpretation", "notation": "Building point", "or_src_id": 1, "dmg_src_id": 2, "cd_value": "Not Applicable" }, "geometry": { "type": "Point", "coordinates": [ 179.351478, -16.438383 ] } }
,
{ "type": "Feature", "properties": { "obj_type": "11-Residential Buildings", "name": "Unknown", "info": "997-Not Applicable", "damage_gra": "Possibly damaged", "det_method": "Photo-interpretation", "notation": "Building point", "or_src_id": 1, "dmg_src_id": 2, "cd_value": "Not Applicable" }, "geometry": { "type": "Point", "coordinates": [ 179.351889, -16.438701 ] } }
,
{ "type": "Feature", "properties": { "obj_type": "11-Residential Buildings", "name": "Unknown", "info": "997-Not Applicable", "damage_gra": "Possibly damaged", "det_method": "Photo-interpretation", "notation": "Building point", "or_src_id": 1, "dmg_src_id": 2, "cd_value": "Not Applicable" }, "geometry": { "type": "Point", "coordinates": [ 179.350928, -16.437862 ] } }
,
{ "type": "Feature", "properties": { "obj_type": "11-Residential Buildings", "name": "Unknown", "info": "997-Not Applicable", "damage_gra": "Possibly damaged", "det_method": "Photo-interpretation", "notation": "Building point", "or_src_id": 1, "dmg_src_id": 2, "cd_value": "Not Applicable" }, "geometry": { "type": "Point", "coordinates": [ 179.349997, -16.439669 ] } }
,
{ "type": "Feature", "properties": { "obj_type": "11-Residential Buildings", "name": "Unknown", "info": "997-Not Applicable", "damage_gra": "Possibly damaged", "det_method": "Photo-interpretation", "notation": "Building point", "or_src_id": 1, "dmg_src_id": 2, "cd_value": "Not Applicable" }, "geometry": { "type": "Point", "coordinates": [ 179.350175, -16.439472 ] } }
,
{ "type": "Feature", "properties": { "obj_type": "11-Residential Buildings", "name": "Unknown", "info": "997-Not Applicable", "damage_gra": "Possibly damaged", "det_method": "Photo-interpretation", "notation": "Building point", "or_src_id": 1, "dmg_src_id": 2, "cd_value": "Not Applicable" }, "geometry": { "type": "Point", "coordinates": [ 179.349378, -16.438315 ] } }
,
{ "type": "Feature", "properties": { "obj_type": "11-Residential Buildings", "name": "Unknown", "info": "997-Not Applicable", "damage_gra": "Possibly damaged", "det_method": "Photo-interpretation", "notation": "Building point", "or_src_id": 1, "dmg_src_id": 2, "cd_value": "Not Applicable" }, "geometry": { "type": "Point", "coordinates": [ 179.352812, -16.450721 ] } }
,
{ "type": "Feature", "properties": { "obj_type": "11-Residential Buildings", "name": "Unknown", "info": "997-Not Applicable", "damage_gra": "Possibly damaged", "det_method": "Photo-interpretation", "notation": "Building point", "or_src_id": 1, "dmg_src_id": 2, "cd_value": "Not Applicable" }, "geometry": { "type": "Point", "coordinates": [ 179.353464, -16.450495 ] } }
,
{ "type": "Feature", "properties": { "obj_type": "11-Residential Buildings", "name": "Unknown", "info": "997-Not Applicable", "damage_gra": "Possibly damaged", "det_method": "Photo-interpretation", "notation": "Building point", "or_src_id": 1, "dmg_src_id": 2, "cd_value": "Not Applicable" }, "geometry": { "type": "Point", "coordinates": [ 179.351115, -16.437746 ] } }
,
{ "type": "Feature", "properties": { "obj_type": "11-Residential Buildings", "name": "Unknown", "info": "997-Not Applicable", "damage_gra": "Possibly damaged", "det_method": "Photo-interpretation", "notation": "Building point", "or_src_id": 1, "dmg_src_id": 2, "cd_value": "Not Applicable" }, "geometry": { "type": "Point", "coordinates": [ 179.351160, -16.437955 ] } }
,
{ "type": "Feature", "properties": { "obj_type": "11-Residential Buildings", "name": "Unknown", "info": "997-Not Applicable", "damage_gra": "Possibly damaged", "det_method": "Photo-interpretation", "notation": "Building point", "or_src_id": 1, "dmg_src_id": 2, "cd_value": "Not Applicable" }, "geometry": { "type": "Point", "coordinates": [ 179.351582, -16.438068 ] } }
,
{ "type": "Feature", "properties": { "obj_type": "11-Residential Buildings", "name": "Unknown", "info": "997-Not Applicable", "damage_gra": "Possibly damaged", "det_method": "Photo-interpretation", "notation": "Building point", "or_src_id": 1, "dmg_src_id": 2, "cd_value": "Not Applicable" }, "geometry": { "type": "Point", "coordinates": [ 179.352323, -16.438365 ] } }
,
{ "type": "Feature", "properties": { "obj_type": "11-Residential Buildings", "name": "Unknown", "info": "997-Not Applicable", "damage_gra": "Possibly damaged", "det_method": "Photo-interpretation", "notation": "Building point", "or_src_id": 1, "dmg_src_id": 2, "cd_value": "Not Applicable" }, "geometry": { "type": "Point", "coordinates": [ 179.352153, -16.437952 ] } }
,
{ "type": "Feature", "properties": { "obj_type": "11-Residential Buildings", "name": "Unknown", "info": "997-Not Applicable", "damage_gra": "Possibly damaged", "det_method": "Photo-interpretation", "notation": "Building point", "or_src_id": 1, "dmg_src_id": 2, "cd_value": "Not Applicable" }, "geometry": { "type": "Point", "coordinates": [ 179.352034, -16.437776 ] } }
,
{ "type": "Feature", "properties": { "obj_type": "11-Residential Buildings", "name": "Unknown", "info": "997-Not Applicable", "damage_gra": "Possibly damaged", "det_method": "Photo-interpretation", "notation": "Building point", "or_src_id": 1, "dmg_src_id": 2, "cd_value": "Not Applicable" }, "geometry": { "type": "Point", "coordinates": [ 179.351850, -16.437604 ] } }
,
{ "type": "Feature", "properties": { "obj_type": "11-Residential Buildings", "name": "Unknown", "info": "997-Not Applicable", "damage_gra": "Possibly damaged", "det_method": "Photo-interpretation", "notation": "Building point", "or_src_id": 1, "dmg_src_id": 2, "cd_value": "Not Applicable" }, "geometry": { "type": "Point", "coordinates": [ 179.350223, -16.438979 ] } }
,
{ "type": "Feature", "properties": { "obj_type": "11-Residential Buildings", "name": "Unknown", "info": "997-Not Applicable", "damage_gra": "Possibly damaged", "det_method": "Photo-interpretation", "notation": "Building point", "or_src_id": 1, "dmg_src_id": 2, "cd_value": "Not Applicable" }, "geometry": { "type": "Point", "coordinates": [ 179.350324, -16.438494 ] } }
,
{ "type": "Feature", "properties": { "obj_type": "11-Residential Buildings", "name": "Unknown", "info": "997-Not Applicable", "damage_gra": "Possibly damaged", "det_method": "Photo-interpretation", "notation": "Building point", "or_src_id": 1, "dmg_src_id": 2, "cd_value": "Not Applicable" }, "geometry": { "type": "Point", "coordinates": [ 179.349497, -16.437777 ] } }
,
{ "type": "Feature", "properties": { "obj_type": "11-Residential Buildings", "name": "Unknown", "info": "997-Not Applicable", "damage_gra": "Possibly damaged", "det_method": "Photo-interpretation", "notation": "Building point", "or_src_id": 1, "dmg_src_id": 2, "cd_value": "Not Applicable" }, "geometry": { "type": "Point", "coordinates": [ 179.349283, -16.437926 ] } }
,
{ "type": "Feature", "properties": { "obj_type": "11-Residential Buildings", "name": "Unknown", "info": "997-Not Applicable", "damage_gra": "Possibly damaged", "det_method": "Photo-interpretation", "notation": "Building point", "or_src_id": 1, "dmg_src_id": 2, "cd_value": "Not Applicable" }, "geometry": { "type": "Point", "coordinates": [ 179.349045, -16.438063 ] } }
,
{ "type": "Feature", "properties": { "obj_type": "11-Residential Buildings", "name": "Unknown", "info": "997-Not Applicable", "damage_gra": "Possibly damaged", "det_method": "Photo-interpretation", "notation": "Building point", "or_src_id": 1, "dmg_src_id": 2, "cd_value": "Not Applicable" }, "geometry": { "type": "Point", "coordinates": [ 179.344607, -16.441828 ] } }
,
{ "type": "Feature", "properties": { "obj_type": "11-Residential Buildings", "name": "Unknown", "info": "997-Not Applicable", "damage_gra": "Possibly damaged", "det_method": "Photo-interpretation", "notation": "Building point", "or_src_id": 1, "dmg_src_id": 2, "cd_value": "Not Applicable" }, "geometry": { "type": "Point", "coordinates": [ 179.345393, -16.431895 ] } }
,
{ "type": "Feature", "properties": { "obj_type": "11-Residential Buildings", "name": "Unknown", "info": "997-Not Applicable", "damage_gra": "Possibly damaged", "det_method": "Photo-interpretation", "notation": "Building point", "or_src_id": 1, "dmg_src_id": 2, "cd_value": "Not Applicable" }, "geometry": { "type": "Point", "coordinates": [ 179.347689, -16.430670 ] } }
,
{ "type": "Feature", "properties": { "obj_type": "11-Residential Buildings", "name": "Unknown", "info": "997-Not Applicable", "damage_gra": "Possibly damaged", "det_method": "Photo-interpretation", "notation": "Building point", "or_src_id": 1, "dmg_src_id": 2, "cd_value": "Not Applicable" }, "geometry": { "type": "Point", "coordinates": [ 179.346029, -16.431396 ] } }
,
{ "type": "Feature", "properties": { "obj_type": "11-Residential Buildings", "name": "Unknown", "info": "997-Not Applicable", "damage_gra": "Possibly damaged", "det_method": "Photo-interpretation", "notation": "Building point", "or_src_id": 1, "dmg_src_id": 2, "cd_value": "Not Applicable" }, "geometry": { "type": "Point", "coordinates": [ 179.345708, -16.431419 ] } }
,
{ "type": "Feature", "properties": { "obj_type": "11-Residential Buildings", "name": "Unknown", "info": "997-Not Applicable", "damage_gra": "Possibly damaged", "det_method": "Photo-interpretation", "notation": "Building point", "or_src_id": 1, "dmg_src_id": 2, "cd_value": "Not Applicable" }, "geometry": { "type": "Point", "coordinates": [ 179.345927, -16.430947 ] } }
,
{ "type": "Feature", "properties": { "obj_type": "11-Residential Buildings", "name": "Unknown", "info": "997-Not Applicable", "damage_gra": "Possibly damaged", "det_method": "Photo-interpretation", "notation": "Building point", "or_src_id": 1, "dmg_src_id": 2, "cd_value": "Not Applicable" }, "geometry": { "type": "Point", "coordinates": [ 179.336566, -16.437044 ] } }

]
}
